url,bairro,aluguel,condominio,iptu,seguro_incendio,taxa_serviço,total,metragem,quarto,banheiro,vaga_carro,andar,aceita_pet,mobilia,metro_prox
https://www.quintoandar.com.br/imovel/893171502?house_tags=rentPriceDecreased&search_rank=%7B%22sortMode%22%3A%22relevance%22%2C%22searchMode%22%3A%22list%22%2C%22resultsOrigin%22%3A%22search%22%2C%22rank%22%3A2850%2C%22personalization%22%3Atrue%7D&search_id=%224bf69054f19a11eb87180a0adc3b16b0%22&from_route=%22search_results%22,Mais em Mooca,R$ 2.000,R$ 200,R$ 0,R$ 34,R$ 40,R$ 2.274,60 m²,1 quarto,1 banheiro,Sem vaga,-,Não aceita,Sem mobília,Metrô próx.
https://www.quintoandar.com.br/imovel/893287337?search_rank=%7B%22sortMode%22%3A%22relevance%22%2C%22searchMode%22%3A%22list%22%2C%22resultsOrigin%22%3A%22search%22%2C%22rank%22%3A2851%2C%22personalization%22%3Atrue%7D&search_id=%224bf69054f19a11eb87180a0adc3b16b0%22&from_route=%22search_results%22,Mais em Bela Vista,R$ 950,R$ 386,R$ 0,R$ 13,R$ 19,R$ 1.368,28 m²,1 quarto,1 banheiro,Sem vaga,7º andar,Não aceita,Sem mobília,Metrô próx.
https://www.quintoandar.com.br/imovel/892802749?search_rank=%7B%22sortMode%22%3A%22relevance%22%2C%22searchMode%22%3A%22list%22%2C%22resultsOrigin%22%3A%22search%22%2C%22rank%22%3A2852%2C%22personalization%22%3Atrue%7D&search_id=%224bf69054f19a11eb87180a0adc3b16b0%22&from_route=%22search_results%22,Mais em Vila Nova Conceição,R$ 4.400,R$ 1.209,R$ 165,R$ 56,R$ 88,R$ 5.918,90 m²,3 quartos,3 banheiros,1 vaga,3º andar,Aceita pet,Sem mobília,Não próx.
https://www.quintoandar.com.br/imovel/893354707?house_tags=rentPriceDecreased&search_rank=%7B%22sortMode%22%3A%22relevance%22%2C%22searchMode%22%3A%22list%22%2C%22resultsOrigin%22%3A%22search%22%2C%22rank%22%3A2853%2C%22personalization%22%3Atrue%7D&search_id=%224bf69054f19a11eb87180a0adc3b16b0%22&from_route=%22search_results%22,Mais em Itaim Bibi,R$ 4.360,R$ 1.000,R$ 0,R$ 56,R$ 87,R$ 5.503,44 m²,1 quarto,1 banheiro,1 vaga,5º andar,Aceita pet,Mobiliado,Não próx.
https://www.quintoandar.com.br/imovel/893329552?house_tags=rentPriceDecreased&search_rank=%7B%22sortMode%22%3A%22relevance%22%2C%22searchMode%22%3A%22list%22%2C%22resultsOrigin%22%3A%22search%22%2C%22rank%22%3A2854%2C%22personalization%22%3Atrue%7D&search_id=%224bf69054f19a11eb87180a0adc3b16b0%22&from_route=%22search_results%22,Mais em Itaim Bibi,R$ 5.220,R$ 2.591,R$ 668,R$ 67,R$ 104,R$ 8.650,78 m²,1 quarto,2 banheiros,1 vaga,22º andar,Não aceita,Mobiliado,Não próx.
https://www.quintoandar.com.br/imovel/892795817?search_rank=%7B%22sortMode%22%3A%22relevance%22%2C%22searchMode%22%3A%22list%22%2C%22resultsOrigin%22%3A%22search%22%2C%22rank%22%3A2855%2C%22personalization%22%3Atrue%7D&search_id=%224bf69054f19a11eb87180a0adc3b16b0%22&from_route=%22search_results%22,Mais em Jardim Paulista,R$ 4.400,R$ 1.200,R$ 450,R$ 56,R$ 88,R$ 6.194,98 m²,3 quartos,2 banheiros,1 vaga,7º andar,Aceita pet,Sem mobília,Metrô próx.
https://www.quintoandar.com.br/imovel/892926140?search_rank=%7B%22sortMode%22%3A%22relevance%22%2C%22searchMode%22%3A%22list%22%2C%22resultsOrigin%22%3A%22search%22%2C%22rank%22%3A2856%2C%22personalization%22%3Atrue%7D&search_id=%224bf69054f19a11eb87180a0adc3b16b0%22&from_route=%22search_results%22,Mais em Consolação,R$ 2.500,R$ 152,R$ 0,R$ 32,R$ 50,R$ 2.734,42 m²,1 quarto,1 banheiro,Sem vaga,4º andar,Aceita pet,Sem mobília,Metrô próx.
https://www.quintoandar.com.br/imovel/893184725?house_tags=rentPriceDecreased&search_rank=%7B%22sortMode%22%3A%22relevance%22%2C%22searchMode%22%3A%22list%22%2C%22resultsOrigin%22%3A%22search%22%2C%22rank%22%3A2857%2C%22personalization%22%3Atrue%7D&search_id=%224bf69054f19a11eb87180a0adc3b16b0%22&from_route=%22search_results%22,Mais em Vila Mariana,R$ 2.900,R$ 1.647,R$ 510,R$ 37,R$ 58,R$ 5.152,117 m²,4 quartos,4 banheiros,2 vagas,1º andar,Aceita pet,Sem mobília,Metrô próx.
https://www.quintoandar.com.br/imovel/892778636?search_rank=%7B%22sortMode%22%3A%22relevance%22%2C%22searchMode%22%3A%22list%22%2C%22resultsOrigin%22%3A%22search%22%2C%22rank%22%3A2858%2C%22personalization%22%3Atrue%7D&search_id=%224bf69054f19a11eb87180a0adc3b16b0%22&from_route=%22search_results%22,Mais em Itaim Bibi,R$ 3.300,R$ 900,R$ 182,R$ 42,R$ 66,R$ 4.490,115 m²,3 quartos,2 banheiros,1 vaga,9º andar,Aceita pet,Sem mobília,Não próx.
https://www.quintoandar.com.br/imovel/893297690?house_tags=rentPriceDecreased&search_rank=%7B%22sortMode%22%3A%22relevance%22%2C%22searchMode%22%3A%22list%22%2C%22resultsOrigin%22%3A%22search%22%2C%22rank%22%3A2859%2C%22personalization%22%3Atrue%7D&search_id=%224bf69054f19a11eb87180a0adc3b16b0%22&from_route=%22search_results%22,Mais em Belém,R$ 1.200,R$ 300,R$ 20,R$ 20,R$ 24,R$ 1.564,30 m²,1 quarto,1 banheiro,Sem vaga,-,Aceita pet,Sem mobília,Não próx.
https://www.quintoandar.com.br/imovel/893283184?search_rank=%7B%22sortMode%22%3A%22relevance%22%2C%22searchMode%22%3A%22list%22%2C%22resultsOrigin%22%3A%22search%22%2C%22rank%22%3A2860%2C%22personalization%22%3Atrue%7D&search_id=%224bf69054f19a11eb87180a0adc3b16b0%22&from_route=%22search_results%22,Mais em Higienópolis,R$ 3.600,R$ 1.481,R$ 284,R$ 46,R$ 72,R$ 5.483,125 m²,2 quartos,1 banheiro,1 vaga,4º andar,Aceita pet,Sem mobília,Não próx.
https://www.quintoandar.com.br/imovel/893217311?house_tags=rentPriceDecreased&search_rank=%7B%22sortMode%22%3A%22relevance%22%2C%22searchMode%22%3A%22list%22%2C%22resultsOrigin%22%3A%22search%22%2C%22rank%22%3A2861%2C%22personalization%22%3Atrue%7D&search_id=%224bf69054f19a11eb87180a0adc3b16b0%22&from_route=%22search_results%22,Mais em Perdizes,R$ 2.240,R$ 750,R$ 0,R$ 29,R$ 44,R$ 3.063,100 m²,3 quartos,2 banheiros,Sem vaga,1º andar,Não aceita,Mobiliado,Não próx.
https://www.quintoandar.com.br/imovel/893343295?house_tags=rentPriceDecreased&search_rank=%7B%22sortMode%22%3A%22relevance%22%2C%22searchMode%22%3A%22list%22%2C%22resultsOrigin%22%3A%22search%22%2C%22rank%22%3A2862%2C%22personalization%22%3Atrue%7D&search_id=%224bf69054f19a11eb87180a0adc3b16b0%22&from_route=%22search_results%22,Mais em Consolação,R$ 1.510,R$ 309,R$ 0,R$ 20,R$ 30,R$ 1.869,29 m²,1 quarto,1 banheiro,Sem vaga,14º andar,Aceita pet,Sem mobília,Metrô próx.
https://www.quintoandar.com.br/imovel/893006356?search_rank=%7B%22sortMode%22%3A%22relevance%22%2C%22searchMode%22%3A%22list%22%2C%22resultsOrigin%22%3A%22search%22%2C%22rank%22%3A2863%2C%22personalization%22%3Atrue%7D&search_id=%224bf69054f19a11eb87180a0adc3b16b0%22&from_route=%22search_results%22,Mais em Jardim Paulista,R$ 8.768,R$ 1.380,R$ 0,R$ 112,R$ 175,R$ 10.440,114 m²,2 quartos,2 banheiros,1 vaga,6º andar,Aceita pet,Sem mobília,Metrô próx.
https://www.quintoandar.com.br/imovel/892800363?search_rank=%7B%22sortMode%22%3A%22relevance%22%2C%22searchMode%22%3A%22list%22%2C%22resultsOrigin%22%3A%22search%22%2C%22rank%22%3A2864%2C%22personalization%22%3Atrue%7D&search_id=%224bf69054f19a11eb87180a0adc3b16b0%22&from_route=%22search_results%22,Mais em Jardim Paulista,R$ 1.360,R$ 1.800,R$ 250,R$ 18,R$ 27,R$ 3.455,42 m²,1 quarto,1 banheiro,1 vaga,11º andar,Não aceita,Sem mobília,Metrô próx.
https://www.quintoandar.com.br/imovel/892783422?house_tags=rentPriceDecreased&search_rank=%7B%22sortMode%22%3A%22relevance%22%2C%22searchMode%22%3A%22list%22%2C%22resultsOrigin%22%3A%22search%22%2C%22rank%22%3A2865%2C%22personalization%22%3Atrue%7D&search_id=%224bf69054f19a11eb87180a0adc3b16b0%22&from_route=%22search_results%22,Mais em Jardim Paulista,R$ 2.200,R$ 848,R$ 117,R$ 28,R$ 44,R$ 3.237,36 m²,1 quarto,1 banheiro,1 vaga,7º andar,Não aceita,Mobiliado,Não próx.
https://www.quintoandar.com.br/imovel/893318842?house_tags=rentPriceDecreased&search_rank=%7B%22sortMode%22%3A%22relevance%22%2C%22searchMode%22%3A%22list%22%2C%22resultsOrigin%22%3A%22search%22%2C%22rank%22%3A2866%2C%22personalization%22%3Atrue%7D&search_id=%224bf69054f19a11eb87180a0adc3b16b0%22&from_route=%22search_results%22,Mais em Centro,R$ 1.062,R$ 280,R$ 0,R$ 14,R$ 21,R$ 1.377,35 m²,1 quarto,1 banheiro,Sem vaga,8º andar,Aceita pet,Sem mobília,Metrô próx.
https://www.quintoandar.com.br/imovel/892923009?house_tags=rentOnTermination&search_rank=%7B%22sortMode%22%3A%22relevance%22%2C%22searchMode%22%3A%22list%22%2C%22resultsOrigin%22%3A%22search%22%2C%22rank%22%3A2867%2C%22personalization%22%3Atrue%7D&search_id=%224bf69054f19a11eb87180a0adc3b16b0%22&from_route=%22search_results%22,Mais em Vila Nova Conceição,R$ 2.800,R$ 1.472,R$ 205,R$ 36,R$ 56,R$ 4.569,Recém-reformado,75 m²,2 quartos,1 banheiro,1 vaga,3º andar,Aceita pet,Sem mobília
https://www.quintoandar.com.br/imovel/892910619?house_tags=rentPriceDecreased&search_rank=%7B%22sortMode%22%3A%22relevance%22%2C%22searchMode%22%3A%22list%22%2C%22resultsOrigin%22%3A%22search%22%2C%22rank%22%3A2868%2C%22personalization%22%3Atrue%7D&search_id=%224bf69054f19a11eb87180a0adc3b16b0%22&from_route=%22search_results%22,Mais em Centro,R$ 1.171,R$ 120,R$ 0,R$ 15,R$ 23,R$ 1.329,29 m²,1 quarto,1 banheiro,Sem vaga,18º andar,Não aceita,Sem mobília,Metrô próx.
https://www.quintoandar.com.br/imovel/892836413?house_tags=rentPriceDecreased&search_rank=%7B%22sortMode%22%3A%22relevance%22%2C%22searchMode%22%3A%22list%22%2C%22resultsOrigin%22%3A%22search%22%2C%22rank%22%3A2869%2C%22personalization%22%3Atrue%7D&search_id=%224bf69054f19a11eb87180a0adc3b16b0%22&from_route=%22search_results%22,Mais em Santa Cecília,R$ 2.400,R$ 800,R$ 0,R$ 31,R$ 48,R$ 3.279,96 m²,2 quartos,1 banheiro,1 vaga,4º andar,Não aceita,Sem mobília,Metrô próx.
https://www.quintoandar.com.br/imovel/893260185?search_rank=%7B%22sortMode%22%3A%22relevance%22%2C%22searchMode%22%3A%22list%22%2C%22resultsOrigin%22%3A%22search%22%2C%22rank%22%3A2870%2C%22personalization%22%3Atrue%7D&search_id=%224bf69054f19a11eb87180a0adc3b16b0%22&from_route=%22search_results%22,Mais em Barra Funda,R$ 1.500,R$ 60,R$ 184,R$ 20,R$ 30,R$ 1.794,25 m²,1 quarto,1 banheiro,Sem vaga,1º andar,Não aceita,Mobiliado,Metrô próx.
https://www.quintoandar.com.br/imovel/893250275?search_rank=%7B%22sortMode%22%3A%22relevance%22%2C%22searchMode%22%3A%22list%22%2C%22resultsOrigin%22%3A%22search%22%2C%22rank%22%3A2871%2C%22personalization%22%3Atrue%7D&search_id=%224bf69054f19a11eb87180a0adc3b16b0%22&from_route=%22search_results%22,Mais em Vila Olímpia,R$ 8.999,R$ 2.300,R$ 616,R$ 115,R$ 179,R$ 12.210,128 m²,3 quartos,3 banheiros,2 vagas,2º andar,Aceita pet,Sem mobília,Não próx.
https://www.quintoandar.com.br/imovel/893187666?search_rank=%7B%22sortMode%22%3A%22relevance%22%2C%22searchMode%22%3A%22list%22%2C%22resultsOrigin%22%3A%22search%22%2C%22rank%22%3A2872%2C%22personalization%22%3Atrue%7D&search_id=%224bf69054f19a11eb87180a0adc3b16b0%22&from_route=%22search_results%22,Mais em Santa Cecília,R$ 2.400,R$ 800,R$ 0,R$ 31,R$ 48,R$ 3.279,65 m²,2 quartos,2 banheiros,1 vaga,12º andar,Aceita pet,Mobiliado,Metrô próx.
https://www.quintoandar.com.br/imovel/892811123?house_tags=rentPriceDecreased&search_rank=%7B%22sortMode%22%3A%22relevance%22%2C%22searchMode%22%3A%22list%22%2C%22resultsOrigin%22%3A%22search%22%2C%22rank%22%3A2873%2C%22personalization%22%3Atrue%7D&search_id=%224bf69054f19a11eb87180a0adc3b16b0%22&from_route=%22search_results%22,Mais em Paraíso,R$ 3.040,R$ 1.798,R$ 372,R$ 39,R$ 60,R$ 5.309,141 m²,3 quartos,3 banheiros,1 vaga,1º andar,Aceita pet,Mobiliado,Metrô próx.
https://www.quintoandar.com.br/imovel/893302333?house_tags=rentPriceDecreased&search_rank=%7B%22sortMode%22%3A%22relevance%22%2C%22searchMode%22%3A%22list%22%2C%22resultsOrigin%22%3A%22search%22%2C%22rank%22%3A2874%2C%22personalization%22%3Atrue%7D&search_id=%224bf69054f19a11eb87180a0adc3b16b0%22&from_route=%22search_results%22,Mais em Consolação,R$ 1.130,R$ 580,R$ 0,R$ 15,R$ 22,R$ 1.747,35 m²,1 quarto,1 banheiro,Sem vaga,4º andar,Aceita pet,Sem mobília,Metrô próx.
https://www.quintoandar.com.br/imovel/892850636?house_tags=rentPriceDecreased&search_rank=%7B%22sortMode%22%3A%22relevance%22%2C%22searchMode%22%3A%22list%22%2C%22resultsOrigin%22%3A%22search%22%2C%22rank%22%3A2875%2C%22personalization%22%3Atrue%7D&search_id=%224bf69054f19a11eb87180a0adc3b16b0%22&from_route=%22search_results%22,Mais em Consolação,R$ 1.980,R$ 398,R$ 6,R$ 26,R$ 39,R$ 2.449,40 m²,1 quarto,1 banheiro,1 vaga,11º andar,Aceita pet,Sem mobília,Metrô próx.
https://www.quintoandar.com.br/imovel/892947772?search_rank=%7B%22sortMode%22%3A%22relevance%22%2C%22searchMode%22%3A%22list%22%2C%22resultsOrigin%22%3A%22search%22%2C%22rank%22%3A2876%2C%22personalization%22%3Atrue%7D&search_id=%224bf69054f19a11eb87180a0adc3b16b0%22&from_route=%22search_results%22,Mais em Cambuci,R$ 2.023,R$ 340,R$ 42,R$ 26,R$ 40,R$ 2.471,30 m²,1 quarto,1 banheiro,Sem vaga,5º andar,Aceita pet,Mobiliado,Não próx.
https://www.quintoandar.com.br/imovel/893333156?house_tags=rentPriceDecreased&search_rank=%7B%22sortMode%22%3A%22relevance%22%2C%22searchMode%22%3A%22list%22%2C%22resultsOrigin%22%3A%22search%22%2C%22rank%22%3A2877%2C%22personalization%22%3Atrue%7D&search_id=%224bf69054f19a11eb87180a0adc3b16b0%22&from_route=%22search_results%22,Mais em Vila Nova Conceição,R$ 3.000,R$ 680,R$ 170,R$ 39,R$ 60,R$ 3.949,34 m²,1 quarto,1 banheiro,Sem vaga,2º andar,Aceita pet,Mobiliado,Não próx.
https://www.quintoandar.com.br/imovel/893304073?house_tags=rentPriceDecreased&search_rank=%7B%22sortMode%22%3A%22relevance%22%2C%22searchMode%22%3A%22list%22%2C%22resultsOrigin%22%3A%22search%22%2C%22rank%22%3A2878%2C%22personalization%22%3Atrue%7D&search_id=%224bf69054f19a11eb87180a0adc3b16b0%22&from_route=%22search_results%22,Mais em Jardim Paulista,R$ 2.480,R$ 2.200,R$ 215,R$ 32,R$ 49,R$ 4.976,65 m²,2 quartos,2 banheiros,2 vagas,8º andar,Não aceita,Mobiliado,Metrô próx.
https://www.quintoandar.com.br/imovel/893238340?house_tags=rentPriceDecreased&search_rank=%7B%22sortMode%22%3A%22relevance%22%2C%22searchMode%22%3A%22list%22%2C%22resultsOrigin%22%3A%22search%22%2C%22rank%22%3A2879%2C%22personalization%22%3Atrue%7D&search_id=%224bf69054f19a11eb87180a0adc3b16b0%22&from_route=%22search_results%22,Mais em Consolação,R$ 2.000,R$ 886,R$ 215,R$ 26,R$ 40,R$ 3.167,48 m²,1 quarto,1 banheiro,1 vaga,16º andar,Não aceita,Mobiliado,Metrô próx.
https://www.quintoandar.com.br/imovel/893322295?house_tags=rentPriceDecreased&search_rank=%7B%22sortMode%22%3A%22relevance%22%2C%22searchMode%22%3A%22list%22%2C%22resultsOrigin%22%3A%22search%22%2C%22rank%22%3A2880%2C%22personalization%22%3Atrue%7D&search_id=%224bf69054f19a11eb87180a0adc3b16b0%22&from_route=%22search_results%22,Mais em Vila Olímpia,R$ 2.000,R$ 880,R$ 150,R$ 26,R$ 40,R$ 3.096,30 m²,1 quarto,1 banheiro,1 vaga,1º andar,Aceita pet,Sem mobília,Não próx.
https://www.quintoandar.com.br/imovel/893268020?search_rank=%7B%22sortMode%22%3A%22relevance%22%2C%22searchMode%22%3A%22list%22%2C%22resultsOrigin%22%3A%22search%22%2C%22rank%22%3A2881%2C%22personalization%22%3Atrue%7D&search_id=%224bf69054f19a11eb87180a0adc3b16b0%22&from_route=%22search_results%22,Mais em Itaim Bibi,R$ 4.950,R$ 1.850,R$ 542,R$ 63,R$ 99,R$ 7.504,140 m²,3 quartos,3 banheiros,2 vagas,7º andar,Aceita pet,Sem mobília,Não próx.
https://www.quintoandar.com.br/imovel/892808583?search_rank=%7B%22sortMode%22%3A%22relevance%22%2C%22searchMode%22%3A%22list%22%2C%22resultsOrigin%22%3A%22search%22%2C%22rank%22%3A2882%2C%22personalization%22%3Atrue%7D&search_id=%224bf69054f19a11eb87180a0adc3b16b0%22&from_route=%22search_results%22,Mais em Consolação,R$ 3.074,R$ 600,R$ 0,R$ 39,R$ 61,R$ 3.774,48 m²,1 quarto,2 banheiros,1 vaga,18º andar,Aceita pet,Mobiliado,Metrô próx.
https://www.quintoandar.com.br/imovel/893222205?search_rank=%7B%22sortMode%22%3A%22relevance%22%2C%22searchMode%22%3A%22list%22%2C%22resultsOrigin%22%3A%22search%22%2C%22rank%22%3A2883%2C%22personalization%22%3Atrue%7D&search_id=%224bf69054f19a11eb87180a0adc3b16b0%22&from_route=%22search_results%22,Mais em Água Branca,R$ 3.700,R$ 850,R$ 159,R$ 47,R$ 74,R$ 4.830,64 m²,2 quartos,2 banheiros,1 vaga,11º andar,Aceita pet,Sem mobília,Metrô próx.
https://www.quintoandar.com.br/imovel/893286863?house_tags=rentPriceDecreased&search_rank=%7B%22sortMode%22%3A%22relevance%22%2C%22searchMode%22%3A%22list%22%2C%22resultsOrigin%22%3A%22search%22%2C%22rank%22%3A2884%2C%22personalization%22%3Atrue%7D&search_id=%224bf69054f19a11eb87180a0adc3b16b0%22&from_route=%22search_results%22,Mais em Cambuci,R$ 850,R$ 100,R$ 73,R$ 11,R$ 17,R$ 1.051,18 m²,1 quarto,1 banheiro,Sem vaga,1º andar,Não aceita,Sem mobília,Não próx.
https://www.quintoandar.com.br/imovel/893251847?house_tags=rentPriceDecreased&search_rank=%7B%22sortMode%22%3A%22relevance%22%2C%22searchMode%22%3A%22list%22%2C%22resultsOrigin%22%3A%22search%22%2C%22rank%22%3A2885%2C%22personalization%22%3Atrue%7D&search_id=%224bf69054f19a11eb87180a0adc3b16b0%22&from_route=%22search_results%22,Mais em Perdizes,R$ 2.600,R$ 1.890,R$ 156,R$ 33,R$ 52,R$ 4.731,123 m²,4 quartos,3 banheiros,1 vaga,5º andar,Não aceita,Mobiliado,Metrô próx.
https://www.quintoandar.com.br/imovel/893341723?house_tags=rentPriceDecreased&search_rank=%7B%22sortMode%22%3A%22relevance%22%2C%22searchMode%22%3A%22list%22%2C%22resultsOrigin%22%3A%22search%22%2C%22rank%22%3A2886%2C%22personalization%22%3Atrue%7D&search_id=%224bf69054f19a11eb87180a0adc3b16b0%22&from_route=%22search_results%22,Mais em Brás,R$ 850,Incluso,R$ 0,R$ 11,R$ 17,R$ 878,23 m²,1 quarto,1 banheiro,Sem vaga,1º andar,Aceita pet,Sem mobília,Metrô próx.
https://www.quintoandar.com.br/imovel/893370648?house_tags=newAd&search_rank=%7B%22sortMode%22%3A%22relevance%22%2C%22searchMode%22%3A%22list%22%2C%22resultsOrigin%22%3A%22search%22%2C%22rank%22%3A2887%2C%22personalization%22%3Atrue%7D&search_id=%224bf69054f19a11eb87180a0adc3b16b0%22&from_route=%22search_results%22,Mais em Santa Cecília,R$ 4.000,R$ 982,R$ 69,R$ 51,R$ 80,R$ 5.182,108 m²,3 quartos,2 banheiros,1 vaga,7º andar,Não aceita,Sem mobília,Metrô próx.
https://www.quintoandar.com.br/imovel/893320766?search_rank=%7B%22sortMode%22%3A%22relevance%22%2C%22searchMode%22%3A%22list%22%2C%22resultsOrigin%22%3A%22search%22%2C%22rank%22%3A2888%2C%22personalization%22%3Atrue%7D&search_id=%224bf69054f19a11eb87180a0adc3b16b0%22&from_route=%22search_results%22,Mais em Pinheiros,R$ 3.800,R$ 647,R$ 165,R$ 49,R$ 76,R$ 4.737,39 m²,1 quarto,1 banheiro,1 vaga,6º andar,Não aceita,Sem mobília,Metrô próx.
https://www.quintoandar.com.br/imovel/893356934?search_rank=%7B%22sortMode%22%3A%22relevance%22%2C%22searchMode%22%3A%22list%22%2C%22resultsOrigin%22%3A%22search%22%2C%22rank%22%3A2889%2C%22personalization%22%3Atrue%7D&search_id=%224bf69054f19a11eb87180a0adc3b16b0%22&from_route=%22search_results%22,Mais em Itaim Bibi,R$ 5.810,R$ 1.253,R$ 15,R$ 74,R$ 116,R$ 7.268,108 m²,3 quartos,2 banheiros,2 vagas,6º andar,Aceita pet,Sem mobília,Não próx.
https://www.quintoandar.com.br/imovel/892984064?search_rank=%7B%22sortMode%22%3A%22relevance%22%2C%22searchMode%22%3A%22list%22%2C%22resultsOrigin%22%3A%22search%22%2C%22rank%22%3A2890%2C%22personalization%22%3Atrue%7D&search_id=%224bf69054f19a11eb87180a0adc3b16b0%22&from_route=%22search_results%22,Mais em Santa Cecília,R$ 2.200,R$ 898,R$ 56,R$ 28,R$ 44,R$ 3.226,40 m²,1 quarto,1 banheiro,1 vaga,6º andar,Não aceita,Mobiliado,Metrô próx.
https://www.quintoandar.com.br/imovel/893304592?search_rank=%7B%22sortMode%22%3A%22relevance%22%2C%22searchMode%22%3A%22list%22%2C%22resultsOrigin%22%3A%22search%22%2C%22rank%22%3A2891%2C%22personalization%22%3Atrue%7D&search_id=%224bf69054f19a11eb87180a0adc3b16b0%22&from_route=%22search_results%22,Mais em Perdizes,R$ 3.500,R$ 1.455,R$ 400,R$ 45,R$ 70,R$ 5.470,114 m²,3 quartos,2 banheiros,2 vagas,6º andar,Aceita pet,Sem mobília,Não próx.
https://www.quintoandar.com.br/imovel/893341225?house_tags=rentPriceDecreased&search_rank=%7B%22sortMode%22%3A%22relevance%22%2C%22searchMode%22%3A%22list%22%2C%22resultsOrigin%22%3A%22search%22%2C%22rank%22%3A2892%2C%22personalization%22%3Atrue%7D&search_id=%224bf69054f19a11eb87180a0adc3b16b0%22&from_route=%22search_results%22,Mais em Santa Cecília,R$ 1.600,R$ 580,R$ 46,R$ 21,R$ 32,R$ 2.279,47 m²,1 quarto,1 banheiro,Sem vaga,10º andar,Aceita pet,Sem mobília,Metrô próx.
https://www.quintoandar.com.br/imovel/893197252?house_tags=rentPriceDecreased&search_rank=%7B%22sortMode%22%3A%22relevance%22%2C%22searchMode%22%3A%22list%22%2C%22resultsOrigin%22%3A%22search%22%2C%22rank%22%3A2893%2C%22personalization%22%3Atrue%7D&search_id=%224bf69054f19a11eb87180a0adc3b16b0%22&from_route=%22search_results%22,Mais em Bom Retiro,R$ 1.950,R$ 500,R$ 59,R$ 25,R$ 39,R$ 2.573,29 m²,1 quarto,1 banheiro,1 vaga,3º andar,Não aceita,Mobiliado,Não próx.
https://www.quintoandar.com.br/imovel/893142538?house_tags=rentPriceDecreased&search_rank=%7B%22sortMode%22%3A%22relevance%22%2C%22searchMode%22%3A%22list%22%2C%22resultsOrigin%22%3A%22search%22%2C%22rank%22%3A2894%2C%22personalization%22%3Atrue%7D&search_id=%224bf69054f19a11eb87180a0adc3b16b0%22&from_route=%22search_results%22,Mais em Cambuci,R$ 1.253,R$ 0,R$ 0,R$ 16,R$ 25,R$ 1.294,17 m²,1 quarto,1 banheiro,Sem vaga,-,Não aceita,Mobiliado,Não próx.
https://www.quintoandar.com.br/imovel/893283282?house_tags=rentPriceDecreased&search_rank=%7B%22sortMode%22%3A%22relevance%22%2C%22searchMode%22%3A%22list%22%2C%22resultsOrigin%22%3A%22search%22%2C%22rank%22%3A2895%2C%22personalization%22%3Atrue%7D&search_id=%224bf69054f19a11eb87180a0adc3b16b0%22&from_route=%22search_results%22,Mais em Consolação,R$ 1.980,R$ 189,R$ 75,R$ 26,R$ 39,R$ 2.309,23 m²,1 quarto,1 banheiro,Sem vaga,2º andar,Aceita pet,Sem mobília,Metrô próx.
https://www.quintoandar.com.br/imovel/892776930?house_tags=rentPriceDecreased&search_rank=%7B%22sortMode%22%3A%22relevance%22%2C%22searchMode%22%3A%22list%22%2C%22resultsOrigin%22%3A%22search%22%2C%22rank%22%3A2896%2C%22personalization%22%3Atrue%7D&search_id=%224bf69054f19a11eb87180a0adc3b16b0%22&from_route=%22search_results%22,Mais em Itaim Bibi,R$ 6.000,R$ 1.200,R$ 270,R$ 77,R$ 120,R$ 7.667,108 m²,2 quartos,2 banheiros,1 vaga,3º andar,Aceita pet,Mobiliado,Não próx.
https://www.quintoandar.com.br/imovel/893270773?house_tags=rentPriceDecreased&search_rank=%7B%22sortMode%22%3A%22relevance%22%2C%22searchMode%22%3A%22list%22%2C%22resultsOrigin%22%3A%22search%22%2C%22rank%22%3A2897%2C%22personalization%22%3Atrue%7D&search_id=%224bf69054f19a11eb87180a0adc3b16b0%22&from_route=%22search_results%22,Mais em Itaim Bibi,R$ 4.400,R$ 1.340,R$ 225,R$ 56,R$ 88,R$ 6.109,120 m²,2 quartos,2 banheiros,1 vaga,11º andar,Aceita pet,Sem mobília,Não próx.
https://www.quintoandar.com.br/imovel/893345571?search_rank=%7B%22sortMode%22%3A%22relevance%22%2C%22searchMode%22%3A%22list%22%2C%22resultsOrigin%22%3A%22search%22%2C%22rank%22%3A675%2C%22personalization%22%3Atrue%7D&search_id=%22d29c9fa4f19011eb8c20e2cf81d20c5e%22&from_route=%22search_results%22,Mais em Mooca,R$ 1.650,R$ 200,R$ 0,R$ 21,R$ 33,R$ 1.904,82 m²,2 quartos,1 banheiro,Sem vaga,2º andar,Aceita pet,Sem mobília,Não próx.
https://www.quintoandar.com.br/imovel/893218954?search_rank=%7B%22sortMode%22%3A%22relevance%22%2C%22searchMode%22%3A%22list%22%2C%22resultsOrigin%22%3A%22search%22%2C%22rank%22%3A676%2C%22personalization%22%3Atrue%7D&search_id=%22d29c9fa4f19011eb8c20e2cf81d20c5e%22&from_route=%22search_results%22,Mais em Belém,R$ 4.500,R$ 600,R$ 200,R$ 58,R$ 90,R$ 5.448,95 m²,2 quartos,2 banheiros,2 vagas,5º andar,Aceita pet,Sem mobília,Metrô próx.
https://www.quintoandar.com.br/imovel/893351087?house_tags=rentPriceDecreased&search_rank=%7B%22sortMode%22%3A%22relevance%22%2C%22searchMode%22%3A%22list%22%2C%22resultsOrigin%22%3A%22search%22%2C%22rank%22%3A677%2C%22personalization%22%3Atrue%7D&search_id=%22d29c9fa4f19011eb8c20e2cf81d20c5e%22&from_route=%22search_results%22,Mais em Perdizes,R$ 3.010,R$ 663,R$ 173,R$ 39,R$ 60,R$ 3.945,80 m²,2 quartos,2 banheiros,1 vaga,9º andar,Não aceita,Sem mobília,Não próx.
https://www.quintoandar.com.br/imovel/893005207?search_rank=%7B%22sortMode%22%3A%22relevance%22%2C%22searchMode%22%3A%22list%22%2C%22resultsOrigin%22%3A%22search%22%2C%22rank%22%3A678%2C%22personalization%22%3Atrue%7D&search_id=%22d29c9fa4f19011eb8c20e2cf81d20c5e%22&from_route=%22search_results%22,Mais em Perdizes,R$ 3.000,R$ 2.675,R$ 831,R$ 39,R$ 60,R$ 6.605,115 m²,3 quartos,3 banheiros,3 vagas,1º andar,Aceita pet,Sem mobília,Não próx.
https://www.quintoandar.com.br/imovel/893038931?search_rank=%7B%22sortMode%22%3A%22relevance%22%2C%22searchMode%22%3A%22list%22%2C%22resultsOrigin%22%3A%22search%22%2C%22rank%22%3A679%2C%22personalization%22%3Atrue%7D&search_id=%22d29c9fa4f19011eb8c20e2cf81d20c5e%22&from_route=%22search_results%22,Mais em Santa Cecília,R$ 2.560,R$ 1.400,R$ 314,R$ 33,R$ 51,R$ 4.358,147 m²,2 quartos,2 banheiros,1 vaga,8º andar,Aceita pet,Sem mobília,Metrô próx.
https://www.quintoandar.com.br/imovel/893382866?house_tags=newAd&search_rank=%7B%22sortMode%22%3A%22relevance%22%2C%22searchMode%22%3A%22list%22%2C%22resultsOrigin%22%3A%22search%22%2C%22rank%22%3A680%2C%22personalization%22%3Atrue%7D&search_id=%22d29c9fa4f19011eb8c20e2cf81d20c5e%22&from_route=%22search_results%22,Mais em Vila Mariana,R$ 1.400,R$ 0,R$ 0,R$ 18,R$ 28,R$ 1.446,42 m²,1 quarto,1 banheiro,Sem vaga,-,Aceita pet,Sem mobília,Metrô próx.
https://www.quintoandar.com.br/imovel/893360719?house_tags=rentPriceDecreased&search_rank=%7B%22sortMode%22%3A%22relevance%22%2C%22searchMode%22%3A%22list%22%2C%22resultsOrigin%22%3A%22search%22%2C%22rank%22%3A681%2C%22personalization%22%3Atrue%7D&search_id=%22d29c9fa4f19011eb8c20e2cf81d20c5e%22&from_route=%22search_results%22,Mais em Vila Olímpia,R$ 2.850,R$ 863,R$ 203,R$ 37,R$ 57,R$ 4.010,"Vila Olímpia, São Paulo","Vila Nova Conceição, São Paulo","Vila Nova Conceição, São Paulo","Vila Olímpia, São Paulo","Vila Nova Conceição, São Paulo",54 m²,2 quartos,1 banheiro
https://www.quintoandar.com.br/imovel/892918467?house_tags=rentPriceDecreased&search_rank=%7B%22sortMode%22%3A%22relevance%22%2C%22searchMode%22%3A%22list%22%2C%22resultsOrigin%22%3A%22search%22%2C%22rank%22%3A682%2C%22personalization%22%3Atrue%7D&search_id=%22d29c9fa4f19011eb8c20e2cf81d20c5e%22&from_route=%22search_results%22,Mais em Paraíso,R$ 2.500,R$ 898,R$ 90,R$ 32,R$ 50,R$ 3.570,92 m²,2 quartos,2 banheiros,1 vaga,8º andar,Aceita pet,Sem mobília,Metrô próx.
https://www.quintoandar.com.br/imovel/893245401?search_rank=%7B%22sortMode%22%3A%22relevance%22%2C%22searchMode%22%3A%22list%22%2C%22resultsOrigin%22%3A%22search%22%2C%22rank%22%3A683%2C%22personalization%22%3Atrue%7D&search_id=%22d29c9fa4f19011eb8c20e2cf81d20c5e%22&from_route=%22search_results%22,Mais em Consolação,R$ 1.175,R$ 340,R$ 33,R$ 15,R$ 23,R$ 1.586,44 m²,1 quarto,1 banheiro,Sem vaga,12º andar,Aceita pet,Sem mobília,Metrô próx.
https://www.quintoandar.com.br/imovel/892953357?house_tags=rentPriceDecreased&search_rank=%7B%22sortMode%22%3A%22relevance%22%2C%22searchMode%22%3A%22list%22%2C%22resultsOrigin%22%3A%22search%22%2C%22rank%22%3A684%2C%22personalization%22%3Atrue%7D&search_id=%22d29c9fa4f19011eb8c20e2cf81d20c5e%22&from_route=%22search_results%22,Mais em Bela Vista,R$ 1.250,R$ 470,R$ 73,R$ 16,R$ 25,R$ 1.834,50 m²,1 quarto,1 banheiro,Sem vaga,8º andar,Não aceita,Sem mobília,Metrô próx.
https://www.quintoandar.com.br/imovel/893005193?house_tags=rentPriceDecreased&search_rank=%7B%22sortMode%22%3A%22relevance%22%2C%22searchMode%22%3A%22list%22%2C%22resultsOrigin%22%3A%22search%22%2C%22rank%22%3A685%2C%22personalization%22%3Atrue%7D&search_id=%22d29c9fa4f19011eb8c20e2cf81d20c5e%22&from_route=%22search_results%22,Mais em Higienópolis,R$ 3.830,R$ 1.750,R$ 547,R$ 49,R$ 76,R$ 6.252,155 m²,2 quartos,1 banheiro,1 vaga,2º andar,Aceita pet,Sem mobília,Não próx.
https://www.quintoandar.com.br/imovel/893382459?house_tags=newAd&search_rank=%7B%22sortMode%22%3A%22relevance%22%2C%22searchMode%22%3A%22list%22%2C%22resultsOrigin%22%3A%22search%22%2C%22rank%22%3A686%2C%22personalization%22%3Atrue%7D&search_id=%22d29c9fa4f19011eb8c20e2cf81d20c5e%22&from_route=%22search_results%22,Mais em Vila Guilherme,R$ 1.800,Incluso,R$ 0,R$ 30,R$ 36,R$ 1.866,90 m²,2 quartos,1 banheiro,1 vaga,-,Aceita pet,Sem mobília,Não próx.
https://www.quintoandar.com.br/imovel/893018351?house_tags=rentPriceDecreased&search_rank=%7B%22sortMode%22%3A%22relevance%22%2C%22searchMode%22%3A%22list%22%2C%22resultsOrigin%22%3A%22search%22%2C%22rank%22%3A687%2C%22personalization%22%3Atrue%7D&search_id=%22d29c9fa4f19011eb8c20e2cf81d20c5e%22&from_route=%22search_results%22,Mais em Consolação,R$ 2.400,R$ 750,R$ 100,R$ 31,R$ 48,R$ 3.329,60 m²,2 quartos,2 banheiros,1 vaga,10º andar,Aceita pet,Sem mobília,Metrô próx.
https://www.quintoandar.com.br/imovel/893292678?search_rank=%7B%22sortMode%22%3A%22relevance%22%2C%22searchMode%22%3A%22list%22%2C%22resultsOrigin%22%3A%22search%22%2C%22rank%22%3A688%2C%22personalization%22%3Atrue%7D&search_id=%22d29c9fa4f19011eb8c20e2cf81d20c5e%22&from_route=%22search_results%22,Mais em Paraíso,R$ 4.000,R$ 250,R$ 0,R$ 51,R$ 80,R$ 4.381,123 m²,2 quartos,3 banheiros,Sem vaga,-,Aceita pet,Sem mobília,Não próx.
https://www.quintoandar.com.br/imovel/893352177?search_rank=%7B%22sortMode%22%3A%22relevance%22%2C%22searchMode%22%3A%22list%22%2C%22resultsOrigin%22%3A%22search%22%2C%22rank%22%3A689%2C%22personalization%22%3Atrue%7D&search_id=%22d29c9fa4f19011eb8c20e2cf81d20c5e%22&from_route=%22search_results%22,Mais em Perdizes,R$ 2.430,R$ 616,R$ 42,R$ 31,R$ 48,R$ 3.167,83 m²,2 quartos,2 banheiros,1 vaga,6º andar,Aceita pet,Sem mobília,Não próx.
https://www.quintoandar.com.br/imovel/893370832?house_tags=rentPriceDecreased&search_rank=%7B%22sortMode%22%3A%22relevance%22%2C%22searchMode%22%3A%22list%22%2C%22resultsOrigin%22%3A%22search%22%2C%22rank%22%3A690%2C%22personalization%22%3Atrue%7D&search_id=%22d29c9fa4f19011eb8c20e2cf81d20c5e%22&from_route=%22search_results%22,Mais em Vila Mariana,R$ 2.800,R$ 200,R$ 230,R$ 36,R$ 56,R$ 3.322,110 m²,2 quartos,1 banheiro,Sem vaga,1º andar,Aceita pet,Sem mobília,Metrô próx.
https://www.quintoandar.com.br/imovel/893327599?house_tags=rentPriceDecreased&search_rank=%7B%22sortMode%22%3A%22relevance%22%2C%22searchMode%22%3A%22list%22%2C%22resultsOrigin%22%3A%22search%22%2C%22rank%22%3A691%2C%22personalization%22%3Atrue%7D&search_id=%22d29c9fa4f19011eb8c20e2cf81d20c5e%22&from_route=%22search_results%22,Mais em Itaim Bibi,R$ 2.160,R$ 700,R$ 133,R$ 28,R$ 43,R$ 3.064,53 m²,1 quarto,1 banheiro,1 vaga,2º andar,Não aceita,Sem mobília,Não próx.
https://www.quintoandar.com.br/imovel/893367065?search_rank=%7B%22sortMode%22%3A%22relevance%22%2C%22searchMode%22%3A%22list%22%2C%22resultsOrigin%22%3A%22search%22%2C%22rank%22%3A692%2C%22personalization%22%3Atrue%7D&search_id=%22d29c9fa4f19011eb8c20e2cf81d20c5e%22&from_route=%22search_results%22,Mais em Consolação,R$ 2.800,R$ 779,R$ 73,R$ 36,R$ 56,R$ 3.744,93 m²,2 quartos,1 banheiro,1 vaga,1º andar,Aceita pet,Sem mobília,Metrô próx.
https://www.quintoandar.com.br/imovel/893287728?search_rank=%7B%22sortMode%22%3A%22relevance%22%2C%22searchMode%22%3A%22list%22%2C%22resultsOrigin%22%3A%22search%22%2C%22rank%22%3A693%2C%22personalization%22%3Atrue%7D&search_id=%22d29c9fa4f19011eb8c20e2cf81d20c5e%22&from_route=%22search_results%22,Mais em Casa Verde,R$ 2.850,R$ 359,R$ 20,R$ 37,R$ 57,R$ 3.323,65 m²,2 quartos,2 banheiros,1 vaga,9º andar,Aceita pet,Sem mobília,Não próx.
https://www.quintoandar.com.br/imovel/893371517?house_tags=newAd&search_rank=%7B%22sortMode%22%3A%22relevance%22%2C%22searchMode%22%3A%22list%22%2C%22resultsOrigin%22%3A%22search%22%2C%22rank%22%3A694%2C%22personalization%22%3Atrue%7D&search_id=%22d29c9fa4f19011eb8c20e2cf81d20c5e%22&from_route=%22search_results%22,Mais em Itaim Bibi,R$ 3.900,R$ 386,R$ 0,R$ 50,R$ 78,R$ 4.414,97 m²,2 quartos,2 banheiros,1 vaga,1º andar,Aceita pet,Sem mobília,Não próx.
https://www.quintoandar.com.br/imovel/893119601?house_tags=rentPriceDecreased&search_rank=%7B%22sortMode%22%3A%22relevance%22%2C%22searchMode%22%3A%22list%22%2C%22resultsOrigin%22%3A%22search%22%2C%22rank%22%3A695%2C%22personalization%22%3Atrue%7D&search_id=%22d29c9fa4f19011eb8c20e2cf81d20c5e%22&from_route=%22search_results%22,Mais em Centro,R$ 1.200,R$ 430,R$ 69,R$ 16,R$ 24,R$ 1.739,38 m²,1 quarto,1 banheiro,1 vaga,5º andar,Aceita pet,Sem mobília,Metrô próx.
https://www.quintoandar.com.br/imovel/893339904?house_tags=rentPriceDecreased&search_rank=%7B%22sortMode%22%3A%22relevance%22%2C%22searchMode%22%3A%22list%22%2C%22resultsOrigin%22%3A%22search%22%2C%22rank%22%3A696%2C%22personalization%22%3Atrue%7D&search_id=%22d29c9fa4f19011eb8c20e2cf81d20c5e%22&from_route=%22search_results%22,Mais em Vila Mariana,R$ 2.340,R$ 1.000,R$ 125,R$ 30,R$ 46,R$ 3.541,80 m²,2 quartos,2 banheiros,1 vaga,7º andar,Aceita pet,Sem mobília,Metrô próx.
https://www.quintoandar.com.br/imovel/893277978?search_rank=%7B%22sortMode%22%3A%22relevance%22%2C%22searchMode%22%3A%22list%22%2C%22resultsOrigin%22%3A%22search%22%2C%22rank%22%3A697%2C%22personalization%22%3Atrue%7D&search_id=%22d29c9fa4f19011eb8c20e2cf81d20c5e%22&from_route=%22search_results%22,Mais em Itaim Bibi,R$ 2.130,R$ 930,R$ 39,R$ 27,R$ 42,R$ 3.168,50 m²,1 quarto,1 banheiro,1 vaga,3º andar,Aceita pet,Mobiliado,Não próx.
https://www.quintoandar.com.br/imovel/892848801?search_rank=%7B%22sortMode%22%3A%22relevance%22%2C%22searchMode%22%3A%22list%22%2C%22resultsOrigin%22%3A%22search%22%2C%22rank%22%3A698%2C%22personalization%22%3Atrue%7D&search_id=%22d29c9fa4f19011eb8c20e2cf81d20c5e%22&from_route=%22search_results%22,Mais em Centro,R$ 1.600,R$ 300,R$ 0,R$ 21,R$ 32,R$ 1.953,42 m²,1 quarto,1 banheiro,Sem vaga,2º andar,Aceita pet,Mobiliado,Metrô próx.
https://www.quintoandar.com.br/imovel/893019030?house_tags=newAd&search_rank=%7B%22sortMode%22%3A%22relevance%22%2C%22searchMode%22%3A%22list%22%2C%22resultsOrigin%22%3A%22search%22%2C%22rank%22%3A699%2C%22personalization%22%3Atrue%7D&search_id=%22d29c9fa4f19011eb8c20e2cf81d20c5e%22&from_route=%22search_results%22,Mais em Vila Guilherme,R$ 1.700,R$ 438,R$ 0,R$ 22,R$ 34,R$ 2.194,72 m²,2 quartos,1 banheiro,1 vaga,7º andar,Aceita pet,Sem mobília,Não próx.
https://www.quintoandar.com.br/imovel/893361508?search_rank=%7B%22sortMode%22%3A%22relevance%22%2C%22searchMode%22%3A%22list%22%2C%22resultsOrigin%22%3A%22search%22%2C%22rank%22%3A700%2C%22personalization%22%3Atrue%7D&search_id=%22d29c9fa4f19011eb8c20e2cf81d20c5e%22&from_route=%22search_results%22,Mais em Consolação,R$ 1.190,R$ 440,R$ 0,R$ 16,R$ 23,R$ 1.669,38 m²,1 quarto,1 banheiro,Sem vaga,3º andar,Aceita pet,Sem mobília,Metrô próx.
https://www.quintoandar.com.br/imovel/892942691?house_tags=rentPriceDecreased&search_rank=%7B%22sortMode%22%3A%22relevance%22%2C%22searchMode%22%3A%22list%22%2C%22resultsOrigin%22%3A%22search%22%2C%22rank%22%3A701%2C%22personalization%22%3Atrue%7D&search_id=%22d29c9fa4f19011eb8c20e2cf81d20c5e%22&from_route=%22search_results%22,Mais em Santa Cecília,R$ 1.275,R$ 408,R$ 0,R$ 17,R$ 25,R$ 1.725,50 m²,1 quarto,1 banheiro,Sem vaga,7º andar,Aceita pet,Sem mobília,Metrô próx.
https://www.quintoandar.com.br/imovel/893009918?search_rank=%7B%22sortMode%22%3A%22relevance%22%2C%22searchMode%22%3A%22list%22%2C%22resultsOrigin%22%3A%22search%22%2C%22rank%22%3A702%2C%22personalization%22%3Atrue%7D&search_id=%22d29c9fa4f19011eb8c20e2cf81d20c5e%22&from_route=%22search_results%22,Mais em Perdizes,R$ 1.600,R$ 460,R$ 0,R$ 21,R$ 32,R$ 2.113,40 m²,2 quartos,1 banheiro,Sem vaga,14º andar,Aceita pet,Sem mobília,Não próx.
https://www.quintoandar.com.br/imovel/893128964?search_rank=%7B%22sortMode%22%3A%22relevance%22%2C%22searchMode%22%3A%22list%22%2C%22resultsOrigin%22%3A%22search%22%2C%22rank%22%3A703%2C%22personalization%22%3Atrue%7D&search_id=%22d29c9fa4f19011eb8c20e2cf81d20c5e%22&from_route=%22search_results%22,Mais em Paraíso,R$ 2.100,R$ 570,R$ 129,R$ 27,R$ 42,R$ 2.868,36 m²,1 quarto,1 banheiro,1 vaga,9º andar,Aceita pet,Sem mobília,Não próx.
https://www.quintoandar.com.br/imovel/893291617?search_rank=%7B%22sortMode%22%3A%22relevance%22%2C%22searchMode%22%3A%22list%22%2C%22resultsOrigin%22%3A%22search%22%2C%22rank%22%3A704%2C%22personalization%22%3Atrue%7D&search_id=%22d29c9fa4f19011eb8c20e2cf81d20c5e%22&from_route=%22search_results%22,Mais em Barra Funda,R$ 1.360,R$ 600,R$ 0,R$ 18,R$ 27,R$ 2.005,70 m²,2 quartos,1 banheiro,Sem vaga,5º andar,Aceita pet,Sem mobília,Metrô próx.
https://www.quintoandar.com.br/imovel/892799380?house_tags=rentPriceDecreased&search_rank=%7B%22sortMode%22%3A%22relevance%22%2C%22searchMode%22%3A%22list%22%2C%22resultsOrigin%22%3A%22search%22%2C%22rank%22%3A705%2C%22personalization%22%3Atrue%7D&search_id=%22d29c9fa4f19011eb8c20e2cf81d20c5e%22&from_route=%22search_results%22,Mais em Vila Clementino,R$ 1.750,R$ 670,R$ 125,R$ 23,R$ 35,R$ 2.603,48 m²,1 quarto,1 banheiro,1 vaga,7º andar,Aceita pet,Sem mobília,Metrô próx.
https://www.quintoandar.com.br/imovel/893285436?house_tags=newAd&house_tags=rentPriceDecreased&search_rank=%7B%22sortMode%22%3A%22relevance%22%2C%22searchMode%22%3A%22list%22%2C%22resultsOrigin%22%3A%22search%22%2C%22rank%22%3A706%2C%22personalization%22%3Atrue%7D&search_id=%22d29c9fa4f19011eb8c20e2cf81d20c5e%22&from_route=%22search_results%22,Mais em Liberdade,R$ 1.480,R$ 344,R$ 66,R$ 19,R$ 29,R$ 1.938,27 m²,1 quarto,1 banheiro,Sem vaga,8º andar,Aceita pet,Mobiliado,Metrô próx.
https://www.quintoandar.com.br/imovel/893329346?house_tags=rentPriceDecreased&search_rank=%7B%22sortMode%22%3A%22relevance%22%2C%22searchMode%22%3A%22list%22%2C%22resultsOrigin%22%3A%22search%22%2C%22rank%22%3A707%2C%22personalization%22%3Atrue%7D&search_id=%22d29c9fa4f19011eb8c20e2cf81d20c5e%22&from_route=%22search_results%22,Mais em Cambuci,R$ 807,R$ 50,R$ 83,R$ 11,R$ 16,R$ 967,20 m²,1 quarto,1 banheiro,Sem vaga,2º andar,Não aceita,Sem mobília,Não próx.
https://www.quintoandar.com.br/imovel/893300729?house_tags=rentPriceDecreased&search_rank=%7B%22sortMode%22%3A%22relevance%22%2C%22searchMode%22%3A%22list%22%2C%22resultsOrigin%22%3A%22search%22%2C%22rank%22%3A708%2C%22personalization%22%3Atrue%7D&search_id=%22d29c9fa4f19011eb8c20e2cf81d20c5e%22&from_route=%22search_results%22,Mais em Ipiranga,R$ 920,R$ 0,R$ 135,R$ 12,R$ 18,R$ 1.085,30 m²,1 quarto,1 banheiro,Sem vaga,-,Aceita pet,Sem mobília,Metrô próx.
https://www.quintoandar.com.br/imovel/893380594?house_tags=newAd&search_rank=%7B%22sortMode%22%3A%22relevance%22%2C%22searchMode%22%3A%22list%22%2C%22resultsOrigin%22%3A%22search%22%2C%22rank%22%3A709%2C%22personalization%22%3Atrue%7D&search_id=%22d29c9fa4f19011eb8c20e2cf81d20c5e%22&from_route=%22search_results%22,Mais em Perdizes,R$ 2.400,R$ 645,R$ 80,R$ 31,R$ 48,R$ 3.204,39 m²,1 quarto,1 banheiro,1 vaga,3º andar,Aceita pet,Sem mobília,Não próx.
https://www.quintoandar.com.br/imovel/892971585?search_rank=%7B%22sortMode%22%3A%22relevance%22%2C%22searchMode%22%3A%22list%22%2C%22resultsOrigin%22%3A%22search%22%2C%22rank%22%3A710%2C%22personalization%22%3Atrue%7D&search_id=%22d29c9fa4f19011eb8c20e2cf81d20c5e%22&from_route=%22search_results%22,Mais em Paraíso,R$ 2.700,R$ 870,R$ 56,R$ 35,R$ 54,R$ 3.715,72 m²,2 quartos,2 banheiros,1 vaga,11º andar,Aceita pet,Sem mobília,Não próx.
https://www.quintoandar.com.br/imovel/893350115?house_tags=rentPriceDecreased&search_rank=%7B%22sortMode%22%3A%22relevance%22%2C%22searchMode%22%3A%22list%22%2C%22resultsOrigin%22%3A%22search%22%2C%22rank%22%3A711%2C%22personalization%22%3Atrue%7D&search_id=%22d29c9fa4f19011eb8c20e2cf81d20c5e%22&from_route=%22search_results%22,Mais em Vila Clementino,R$ 2.010,R$ 1.325,R$ 0,R$ 26,R$ 40,R$ 3.401,89 m²,3 quartos,2 banheiros,2 vagas,4º andar,Não aceita,Sem mobília,Metrô próx.
https://www.quintoandar.com.br/imovel/892845830?house_tags=rentPriceDecreased&search_rank=%7B%22sortMode%22%3A%22relevance%22%2C%22searchMode%22%3A%22list%22%2C%22resultsOrigin%22%3A%22search%22%2C%22rank%22%3A712%2C%22personalization%22%3Atrue%7D&search_id=%22d29c9fa4f19011eb8c20e2cf81d20c5e%22&from_route=%22search_results%22,Mais em Consolação,R$ 1.920,R$ 778,R$ 110,R$ 25,R$ 38,R$ 2.871,54 m²,1 quarto,1 banheiro,1 vaga,1º andar,Aceita pet,Sem mobília,Metrô próx.
https://www.quintoandar.com.br/imovel/893352962?search_rank=%7B%22sortMode%22%3A%22relevance%22%2C%22searchMode%22%3A%22list%22%2C%22resultsOrigin%22%3A%22search%22%2C%22rank%22%3A713%2C%22personalization%22%3Atrue%7D&search_id=%22d29c9fa4f19011eb8c20e2cf81d20c5e%22&from_route=%22search_results%22,Mais em Consolação,R$ 1.160,R$ 600,R$ 60,R$ 15,R$ 23,R$ 1.858,40 m²,1 quarto,1 banheiro,1 vaga,10º andar,Aceita pet,Sem mobília,Metrô próx.
https://www.quintoandar.com.br/imovel/893363624?house_tags=rentPriceDecreased&search_rank=%7B%22sortMode%22%3A%22relevance%22%2C%22searchMode%22%3A%22list%22%2C%22resultsOrigin%22%3A%22search%22%2C%22rank%22%3A714%2C%22personalization%22%3Atrue%7D&search_id=%22d29c9fa4f19011eb8c20e2cf81d20c5e%22&from_route=%22search_results%22,Mais em Santa Cecília,R$ 2.900,R$ 765,R$ 154,R$ 37,R$ 58,R$ 3.914,104 m²,2 quartos,2 banheiros,Sem vaga,2º andar,Aceita pet,Sem mobília,Metrô próx.
https://www.quintoandar.com.br/imovel/893211239?house_tags=rentPriceDecreased&search_rank=%7B%22sortMode%22%3A%22relevance%22%2C%22searchMode%22%3A%22list%22%2C%22resultsOrigin%22%3A%22search%22%2C%22rank%22%3A715%2C%22personalization%22%3Atrue%7D&search_id=%22d29c9fa4f19011eb8c20e2cf81d20c5e%22&from_route=%22search_results%22,Mais em Cambuci,R$ 2.820,R$ 0,R$ 116,R$ 47,R$ 56,R$ 3.039,120 m²,3 quartos,4 banheiros,1 vaga,-,Aceita pet,Mobiliado,Não próx.
https://www.quintoandar.com.br/imovel/893357903?search_rank=%7B%22sortMode%22%3A%22relevance%22%2C%22searchMode%22%3A%22list%22%2C%22resultsOrigin%22%3A%22search%22%2C%22rank%22%3A716%2C%22personalization%22%3Atrue%7D&search_id=%22d29c9fa4f19011eb8c20e2cf81d20c5e%22&from_route=%22search_results%22,Mais em Consolação,R$ 1.460,R$ 780,R$ 201,R$ 19,R$ 29,R$ 2.489,44 m²,1 quarto,1 banheiro,1 vaga,5º andar,Não aceita,Sem mobília,Metrô próx.
https://www.quintoandar.com.br/imovel/893095244?search_rank=%7B%22sortMode%22%3A%22relevance%22%2C%22searchMode%22%3A%22list%22%2C%22resultsOrigin%22%3A%22search%22%2C%22rank%22%3A717%2C%22personalization%22%3Atrue%7D&search_id=%22d29c9fa4f19011eb8c20e2cf81d20c5e%22&from_route=%22search_results%22,Mais em Jardim Paulista,R$ 4.066,R$ 820,R$ 25,R$ 52,R$ 81,R$ 5.044,55 m²,1 quarto,2 banheiros,1 vaga,7º andar,Aceita pet,Mobiliado,Não próx.
https://www.quintoandar.com.br/imovel/893339950?house_tags=rentPriceDecreased&search_rank=%7B%22sortMode%22%3A%22relevance%22%2C%22searchMode%22%3A%22list%22%2C%22resultsOrigin%22%3A%22search%22%2C%22rank%22%3A718%2C%22personalization%22%3Atrue%7D&search_id=%22d29c9fa4f19011eb8c20e2cf81d20c5e%22&from_route=%22search_results%22,Mais em Jardim Paulista,R$ 4.500,R$ 928,R$ 0,R$ 58,R$ 90,R$ 5.576,60 m²,1 quarto,1 banheiro,1 vaga,18º andar,Aceita pet,Sem mobília,Não próx.
https://www.quintoandar.com.br/imovel/893292911?house_tags=rentPriceDecreased&search_rank=%7B%22sortMode%22%3A%22relevance%22%2C%22searchMode%22%3A%22list%22%2C%22resultsOrigin%22%3A%22search%22%2C%22rank%22%3A719%2C%22personalization%22%3Atrue%7D&search_id=%22d29c9fa4f19011eb8c20e2cf81d20c5e%22&from_route=%22search_results%22,Mais em Consolação,R$ 935,R$ 300,R$ 9,R$ 12,R$ 18,R$ 1.274,33 m²,1 quarto,1 banheiro,Sem vaga,7º andar,Aceita pet,Sem mobília,Metrô próx.
https://www.quintoandar.com.br/imovel/893049510?house_tags=rentPriceDecreased&search_rank=%7B%22sortMode%22%3A%22relevance%22%2C%22searchMode%22%3A%22list%22%2C%22resultsOrigin%22%3A%22search%22%2C%22rank%22%3A720%2C%22personalization%22%3Atrue%7D&search_id=%22d29c9fa4f19011eb8c20e2cf81d20c5e%22&from_route=%22search_results%22,Mais em Santa Cecília,R$ 1.690,R$ 300,R$ 24,R$ 22,R$ 33,R$ 2.069,78 m²,1 quarto,1 banheiro,Sem vaga,2º andar,Aceita pet,Sem mobília,Metrô próx.
https://www.quintoandar.com.br/imovel/892789619?house_tags=rentPriceDecreased&search_rank=%7B%22sortMode%22%3A%22relevance%22%2C%22searchMode%22%3A%22list%22%2C%22resultsOrigin%22%3A%22search%22%2C%22rank%22%3A721%2C%22personalization%22%3Atrue%7D&search_id=%22d29c9fa4f19011eb8c20e2cf81d20c5e%22&from_route=%22search_results%22,Mais em Pinheiros,R$ 3.090,R$ 1.010,R$ 0,R$ 40,R$ 61,R$ 4.201,"Pinheiros, São Paulo","Pinheiros, São Paulo","Pinheiros, São Paulo","Pinheiros, São Paulo","Pinheiros, São Paulo",75 m²,1 quarto,2 banheiros
https://www.quintoandar.com.br/imovel/893303355?house_tags=rentPriceDecreased&search_rank=%7B%22sortMode%22%3A%22relevance%22%2C%22searchMode%22%3A%22list%22%2C%22resultsOrigin%22%3A%22search%22%2C%22rank%22%3A722%2C%22personalization%22%3Atrue%7D&search_id=%22d29c9fa4f19011eb8c20e2cf81d20c5e%22&from_route=%22search_results%22,Mais em Jardim Paulista,R$ 1.700,R$ 780,R$ 96,R$ 22,R$ 34,R$ 2.632,35 m²,1 quarto,2 banheiros,1 vaga,6º andar,Aceita pet,Sem mobília,Metrô próx.
https://www.quintoandar.com.br/imovel/892810427?house_tags=rentPriceDecreased&search_rank=%7B%22sortMode%22%3A%22relevance%22%2C%22searchMode%22%3A%22list%22%2C%22resultsOrigin%22%3A%22search%22%2C%22rank%22%3A723%2C%22personalization%22%3Atrue%7D&search_id=%22d29c9fa4f19011eb8c20e2cf81d20c5e%22&from_route=%22search_results%22,Mais em Perdizes,R$ 3.050,R$ 600,R$ 221,R$ 39,R$ 61,R$ 3.971,"Perdizes, São Paulo","Perdizes, São Paulo","Perdizes, São Paulo","Perdizes, São Paulo","Vila Pompéia, São Paulo",65 m²,2 quartos,2 banheiros
https://www.quintoandar.com.br/imovel/893320089?search_rank=%7B%22sortMode%22%3A%22relevance%22%2C%22searchMode%22%3A%22list%22%2C%22resultsOrigin%22%3A%22search%22%2C%22rank%22%3A724%2C%22personalization%22%3Atrue%7D&search_id=%22d29c9fa4f19011eb8c20e2cf81d20c5e%22&from_route=%22search_results%22,Mais em Santa Cecília,R$ 1.800,R$ 250,R$ 50,R$ 23,R$ 36,R$ 2.159,28 m²,1 quarto,1 banheiro,Sem vaga,8º andar,Aceita pet,Sem mobília,Metrô próx.
https://www.quintoandar.com.br/imovel/892838361?house_tags=rentPriceDecreased&search_rank=%7B%22sortMode%22%3A%22relevance%22%2C%22searchMode%22%3A%22list%22%2C%22resultsOrigin%22%3A%22search%22%2C%22rank%22%3A725%2C%22personalization%22%3Atrue%7D&search_id=%22d29c9fa4f19011eb8c20e2cf81d20c5e%22&from_route=%22search_results%22,Mais em Jardim Paulista,R$ 1.800,R$ 420,R$ 0,R$ 23,R$ 36,R$ 2.279,42 m²,1 quarto,1 banheiro,Sem vaga,17º andar,Aceita pet,Sem mobília,Metrô próx.
https://www.quintoandar.com.br/imovel/892813835?house_tags=rentPriceDecreased&search_rank=%7B%22sortMode%22%3A%22relevance%22%2C%22searchMode%22%3A%22list%22%2C%22resultsOrigin%22%3A%22search%22%2C%22rank%22%3A726%2C%22personalization%22%3Atrue%7D&search_id=%22d29c9fa4f19011eb8c20e2cf81d20c5e%22&from_route=%22search_results%22,Mais em Vila Mariana,R$ 1.800,R$ 290,R$ 0,R$ 23,R$ 36,R$ 2.149,45 m²,1 quarto,1 banheiro,1 vaga,-,Não aceita,Mobiliado,Metrô próx.
https://www.quintoandar.com.br/imovel/893321802?house_tags=rentPriceDecreased&search_rank=%7B%22sortMode%22%3A%22relevance%22%2C%22searchMode%22%3A%22list%22%2C%22resultsOrigin%22%3A%22search%22%2C%22rank%22%3A727%2C%22personalization%22%3Atrue%7D&search_id=%22d29c9fa4f19011eb8c20e2cf81d20c5e%22&from_route=%22search_results%22,Mais em Jardim Paulista,R$ 2.000,R$ 652,R$ 0,R$ 26,R$ 40,R$ 2.718,48 m²,1 quarto,1 banheiro,1 vaga,4º andar,Aceita pet,Sem mobília,Metrô próx.
https://www.quintoandar.com.br/imovel/893366950?house_tags=rentPriceDecreased&search_rank=%7B%22sortMode%22%3A%22relevance%22%2C%22searchMode%22%3A%22list%22%2C%22resultsOrigin%22%3A%22search%22%2C%22rank%22%3A728%2C%22personalization%22%3Atrue%7D&search_id=%22d29c9fa4f19011eb8c20e2cf81d20c5e%22&from_route=%22search_results%22,Mais em Paraíso,R$ 1.870,R$ 0,R$ 0,R$ 24,R$ 37,R$ 1.931,50 m²,1 quarto,1 banheiro,Sem vaga,1º andar,Aceita pet,Sem mobília,Metrô próx.
https://www.quintoandar.com.br/imovel/893259125?house_tags=rentPriceDecreased&search_rank=%7B%22sortMode%22%3A%22relevance%22%2C%22searchMode%22%3A%22list%22%2C%22resultsOrigin%22%3A%22search%22%2C%22rank%22%3A729%2C%22personalization%22%3Atrue%7D&search_id=%22d29c9fa4f19011eb8c20e2cf81d20c5e%22&from_route=%22search_results%22,Mais em Bela Vista,R$ 3.360,R$ 1.500,R$ 209,R$ 43,R$ 67,R$ 5.179,75 m²,2 quartos,2 banheiros,1 vaga,14º andar,Aceita pet,Mobiliado,Metrô próx.
https://www.quintoandar.com.br/imovel/893381265?house_tags=newAd&search_rank=%7B%22sortMode%22%3A%22relevance%22%2C%22searchMode%22%3A%22list%22%2C%22resultsOrigin%22%3A%22search%22%2C%22rank%22%3A730%2C%22personalization%22%3Atrue%7D&search_id=%22d29c9fa4f19011eb8c20e2cf81d20c5e%22&from_route=%22search_results%22,Mais em Bom Retiro,R$ 900,R$ 540,R$ 0,R$ 12,R$ 18,R$ 1.470,"Barra Funda, São Paulo","Santa Cecília, São Paulo","Bom Retiro, São Paulo","Santa Cecília, São Paulo","Santa Cecília, São Paulo",52 m²,1 quarto,1 banheiro
https://www.quintoandar.com.br/imovel/893360734?search_rank=%7B%22sortMode%22%3A%22relevance%22%2C%22searchMode%22%3A%22list%22%2C%22resultsOrigin%22%3A%22search%22%2C%22rank%22%3A731%2C%22personalization%22%3Atrue%7D&search_id=%22d29c9fa4f19011eb8c20e2cf81d20c5e%22&from_route=%22search_results%22,Mais em Bela Vista,R$ 2.400,R$ 828,R$ 0,R$ 31,R$ 48,R$ 3.307,75 m²,2 quartos,1 banheiro,1 vaga,13º andar,Aceita pet,Mobiliado,Metrô próx.
https://www.quintoandar.com.br/imovel/892894633?house_tags=rentPriceDecreased&search_rank=%7B%22sortMode%22%3A%22relevance%22%2C%22searchMode%22%3A%22list%22%2C%22resultsOrigin%22%3A%22search%22%2C%22rank%22%3A732%2C%22personalization%22%3Atrue%7D&search_id=%22d29c9fa4f19011eb8c20e2cf81d20c5e%22&from_route=%22search_results%22,Mais em Jardim Paulista,R$ 2.100,R$ 860,R$ 66,R$ 27,R$ 42,R$ 3.095,45 m²,1 quarto,2 banheiros,1 vaga,1º andar,Aceita pet,Sem mobília,Metrô próx.
https://www.quintoandar.com.br/imovel/893329352?house_tags=rentPriceDecreased&search_rank=%7B%22sortMode%22%3A%22relevance%22%2C%22searchMode%22%3A%22list%22%2C%22resultsOrigin%22%3A%22search%22%2C%22rank%22%3A733%2C%22personalization%22%3Atrue%7D&search_id=%22d29c9fa4f19011eb8c20e2cf81d20c5e%22&from_route=%22search_results%22,Mais em Cambuci,R$ 807,R$ 50,R$ 83,R$ 11,R$ 16,R$ 967,20 m²,1 quarto,1 banheiro,Sem vaga,2º andar,Não aceita,Sem mobília,Não próx.
https://www.quintoandar.com.br/imovel/893335754?search_rank=%7B%22sortMode%22%3A%22relevance%22%2C%22searchMode%22%3A%22list%22%2C%22resultsOrigin%22%3A%22search%22%2C%22rank%22%3A734%2C%22personalization%22%3Atrue%7D&search_id=%22d29c9fa4f19011eb8c20e2cf81d20c5e%22&from_route=%22search_results%22,Mais em Bom Retiro,R$ 2.100,R$ 1,R$ 0,R$ 27,R$ 42,R$ 2.170,53 m²,2 quartos,1 banheiro,1 vaga,-,Aceita pet,Sem mobília,Não próx.
https://www.quintoandar.com.br/imovel/893363045?house_tags=rentPriceDecreased&search_rank=%7B%22sortMode%22%3A%22relevance%22%2C%22searchMode%22%3A%22list%22%2C%22resultsOrigin%22%3A%22search%22%2C%22rank%22%3A735%2C%22personalization%22%3Atrue%7D&search_id=%22d29c9fa4f19011eb8c20e2cf81d20c5e%22&from_route=%22search_results%22,Mais em Vila Prudente,R$ 2.700,R$ 297,R$ 3,R$ 35,R$ 54,R$ 3.089,46 m²,2 quartos,1 banheiro,1 vaga,3º andar,Aceita pet,Mobiliado,Metrô próx.
https://www.quintoandar.com.br/imovel/893207005?search_rank=%7B%22sortMode%22%3A%22relevance%22%2C%22searchMode%22%3A%22list%22%2C%22resultsOrigin%22%3A%22search%22%2C%22rank%22%3A736%2C%22personalization%22%3Atrue%7D&search_id=%22d29c9fa4f19011eb8c20e2cf81d20c5e%22&from_route=%22search_results%22,Mais em Consolação,R$ 1.280,R$ 270,R$ 0,R$ 17,R$ 25,R$ 1.592,"Bela Vista, São Paulo","Bela Vista, São Paulo","Consolação, São Paulo","Consolação, São Paulo","Consolação, São Paulo",25 m²,1 quarto,1 banheiro
https://www.quintoandar.com.br/imovel/893364483?search_rank=%7B%22sortMode%22%3A%22relevance%22%2C%22searchMode%22%3A%22list%22%2C%22resultsOrigin%22%3A%22search%22%2C%22rank%22%3A737%2C%22personalization%22%3Atrue%7D&search_id=%22d29c9fa4f19011eb8c20e2cf81d20c5e%22&from_route=%22search_results%22,Mais em Bela Vista,R$ 2.700,R$ 880,R$ 141,R$ 35,R$ 54,R$ 3.810,60 m²,2 quartos,1 banheiro,1 vaga,8º andar,Aceita pet,Sem mobília,Metrô próx.
https://www.quintoandar.com.br/imovel/893328047?house_tags=rentPriceDecreased&search_rank=%7B%22sortMode%22%3A%22relevance%22%2C%22searchMode%22%3A%22list%22%2C%22resultsOrigin%22%3A%22search%22%2C%22rank%22%3A738%2C%22personalization%22%3Atrue%7D&search_id=%22d29c9fa4f19011eb8c20e2cf81d20c5e%22&from_route=%22search_results%22,Mais em Jardim Paulista,R$ 1.700,R$ 371,R$ 49,R$ 22,R$ 34,R$ 2.176,41 m²,1 quarto,1 banheiro,Sem vaga,8º andar,Aceita pet,Sem mobília,Metrô próx.
https://www.quintoandar.com.br/imovel/893198580?search_rank=%7B%22sortMode%22%3A%22relevance%22%2C%22searchMode%22%3A%22list%22%2C%22resultsOrigin%22%3A%22search%22%2C%22rank%22%3A739%2C%22personalization%22%3Atrue%7D&search_id=%22d29c9fa4f19011eb8c20e2cf81d20c5e%22&from_route=%22search_results%22,Mais em Cambuci,R$ 1.428,R$ 351,R$ 0,R$ 19,R$ 28,R$ 1.826,35 m²,1 quarto,1 banheiro,Sem vaga,3º andar,Aceita pet,Sem mobília,Não próx.
https://www.quintoandar.com.br/imovel/893370494?house_tags=newAd&house_tags=rentPriceDecreased&search_rank=%7B%22sortMode%22%3A%22relevance%22%2C%22searchMode%22%3A%22list%22%2C%22resultsOrigin%22%3A%22search%22%2C%22rank%22%3A740%2C%22personalization%22%3Atrue%7D&search_id=%22d29c9fa4f19011eb8c20e2cf81d20c5e%22&from_route=%22search_results%22,Mais em Bom Retiro,R$ 1.700,R$ 350,R$ 0,R$ 22,R$ 34,R$ 2.106,40 m²,2 quartos,1 banheiro,Sem vaga,12º andar,Aceita pet,Sem mobília,Metrô próx.
https://www.quintoandar.com.br/imovel/892838767?house_tags=rentPriceDecreased&search_rank=%7B%22sortMode%22%3A%22relevance%22%2C%22searchMode%22%3A%22list%22%2C%22resultsOrigin%22%3A%22search%22%2C%22rank%22%3A741%2C%22personalization%22%3Atrue%7D&search_id=%22d29c9fa4f19011eb8c20e2cf81d20c5e%22&from_route=%22search_results%22,Mais em Jardim Paulista,R$ 2.700,R$ 1.090,R$ 143,R$ 35,R$ 54,R$ 4.022,66 m²,1 quarto,1 banheiro,1 vaga,13º andar,Aceita pet,Sem mobília,Metrô próx.
https://www.quintoandar.com.br/imovel/893259057?house_tags=rentPriceDecreased&search_rank=%7B%22sortMode%22%3A%22relevance%22%2C%22searchMode%22%3A%22list%22%2C%22resultsOrigin%22%3A%22search%22%2C%22rank%22%3A742%2C%22personalization%22%3Atrue%7D&search_id=%22d29c9fa4f19011eb8c20e2cf81d20c5e%22&from_route=%22search_results%22,Mais em Pinheiros,R$ 1.950,R$ 410,R$ 67,R$ 25,R$ 39,R$ 2.491,35 m²,1 quarto,1 banheiro,1 vaga,3º andar,Aceita pet,Sem mobília,Metrô próx.
https://www.quintoandar.com.br/imovel/892956810?house_tags=rentPriceDecreased&search_rank=%7B%22sortMode%22%3A%22relevance%22%2C%22searchMode%22%3A%22list%22%2C%22resultsOrigin%22%3A%22search%22%2C%22rank%22%3A743%2C%22personalization%22%3Atrue%7D&search_id=%22d29c9fa4f19011eb8c20e2cf81d20c5e%22&from_route=%22search_results%22,Mais em Pinheiros,R$ 2.500,R$ 1.020,R$ 313,R$ 32,R$ 50,R$ 3.915,58 m²,1 quarto,1 banheiro,1 vaga,2º andar,Aceita pet,Mobiliado,Metrô próx.
https://www.quintoandar.com.br/imovel/893351808?house_tags=rentPriceDecreased&search_rank=%7B%22sortMode%22%3A%22relevance%22%2C%22searchMode%22%3A%22list%22%2C%22resultsOrigin%22%3A%22search%22%2C%22rank%22%3A744%2C%22personalization%22%3Atrue%7D&search_id=%22d29c9fa4f19011eb8c20e2cf81d20c5e%22&from_route=%22search_results%22,Mais em Cambuci,R$ 2.360,R$ 487,R$ 0,R$ 30,R$ 47,R$ 2.924,87 m²,2 quartos,1 banheiro,1 vaga,10º andar,Aceita pet,Sem mobília,Não próx.
https://www.quintoandar.com.br/imovel/893226637?search_rank=%7B%22sortMode%22%3A%22relevance%22%2C%22searchMode%22%3A%22list%22%2C%22resultsOrigin%22%3A%22search%22%2C%22rank%22%3A745%2C%22personalization%22%3Atrue%7D&search_id=%22d29c9fa4f19011eb8c20e2cf81d20c5e%22&from_route=%22search_results%22,Mais em Bela Vista,R$ 2.190,R$ 400,R$ 19,R$ 28,R$ 43,R$ 2.680,46 m²,1 quarto,1 banheiro,1 vaga,21º andar,Aceita pet,Sem mobília,Metrô próx.
https://www.quintoandar.com.br/imovel/892824271?search_rank=%7B%22sortMode%22%3A%22relevance%22%2C%22searchMode%22%3A%22list%22%2C%22resultsOrigin%22%3A%22search%22%2C%22rank%22%3A746%2C%22personalization%22%3Atrue%7D&search_id=%22d29c9fa4f19011eb8c20e2cf81d20c5e%22&from_route=%22search_results%22,Mais em Bela Vista,R$ 2.700,R$ 968,R$ 185,R$ 35,R$ 54,R$ 3.942,55 m²,1 quarto,2 banheiros,1 vaga,1º andar,Aceita pet,Sem mobília,Metrô próx.
https://www.quintoandar.com.br/imovel/892881368?house_tags=rentPriceDecreased&search_rank=%7B%22sortMode%22%3A%22relevance%22%2C%22searchMode%22%3A%22list%22%2C%22resultsOrigin%22%3A%22search%22%2C%22rank%22%3A747%2C%22personalization%22%3Atrue%7D&search_id=%22d29c9fa4f19011eb8c20e2cf81d20c5e%22&from_route=%22search_results%22,Mais em Consolação,R$ 2.392,R$ 400,R$ 0,R$ 31,R$ 47,R$ 2.870,58 m²,1 quarto,1 banheiro,Sem vaga,14º andar,Aceita pet,Mobiliado,Metrô próx.
https://www.quintoandar.com.br/imovel/893321043?search_rank=%7B%22sortMode%22%3A%22relevance%22%2C%22searchMode%22%3A%22list%22%2C%22resultsOrigin%22%3A%22search%22%2C%22rank%22%3A748%2C%22personalization%22%3Atrue%7D&search_id=%22d29c9fa4f19011eb8c20e2cf81d20c5e%22&from_route=%22search_results%22,Mais em Vila Guilherme,R$ 2.200,R$ 0,R$ 132,R$ 37,R$ 44,R$ 2.413,100 m²,3 quartos,3 banheiros,1 vaga,1º andar,Aceita pet,Sem mobília,Não próx.
https://www.quintoandar.com.br/imovel/893271815?search_rank=%7B%22sortMode%22%3A%22relevance%22%2C%22searchMode%22%3A%22list%22%2C%22resultsOrigin%22%3A%22search%22%2C%22rank%22%3A749%2C%22personalization%22%3Atrue%7D&search_id=%22d29c9fa4f19011eb8c20e2cf81d20c5e%22&from_route=%22search_results%22,Mais em Pinheiros,R$ 3.100,R$ 1.233,R$ 364,R$ 40,R$ 62,R$ 4.799,78 m²,2 quartos,2 banheiros,1 vaga,9º andar,Aceita pet,Sem mobília,Metrô próx.
https://www.quintoandar.com.br/imovel/893352070?house_tags=rentPriceDecreased&search_rank=%7B%22sortMode%22%3A%22relevance%22%2C%22searchMode%22%3A%22list%22%2C%22resultsOrigin%22%3A%22search%22%2C%22rank%22%3A750%2C%22personalization%22%3Atrue%7D&search_id=%22d29c9fa4f19011eb8c20e2cf81d20c5e%22&from_route=%22search_results%22,Mais em Pinheiros,R$ 2.600,R$ 620,R$ 74,R$ 33,R$ 52,R$ 3.379,42 m²,1 quarto,1 banheiro,1 vaga,11º andar,Aceita pet,Sem mobília,Metrô próx.
https://www.quintoandar.com.br/imovel/893367468?house_tags=rentPriceDecreased&search_rank=%7B%22sortMode%22%3A%22relevance%22%2C%22searchMode%22%3A%22list%22%2C%22resultsOrigin%22%3A%22search%22%2C%22rank%22%3A751%2C%22personalization%22%3Atrue%7D&search_id=%22d29c9fa4f19011eb8c20e2cf81d20c5e%22&from_route=%22search_results%22,Mais em Bom Retiro,R$ 810,R$ 385,R$ 29,R$ 11,R$ 16,R$ 1.251,30 m²,1 quarto,1 banheiro,Sem vaga,6º andar,Aceita pet,Sem mobília,Metrô próx.
https://www.quintoandar.com.br/imovel/893377135?house_tags=newAd&search_rank=%7B%22sortMode%22%3A%22relevance%22%2C%22searchMode%22%3A%22list%22%2C%22resultsOrigin%22%3A%22search%22%2C%22rank%22%3A752%2C%22personalization%22%3Atrue%7D&search_id=%22d29c9fa4f19011eb8c20e2cf81d20c5e%22&from_route=%22search_results%22,Mais em Centro,R$ 1.500,R$ 500,R$ 0,R$ 20,R$ 30,R$ 2.050,61 m²,2 quartos,1 banheiro,Sem vaga,1º andar,Aceita pet,Sem mobília,Metrô próx.
https://www.quintoandar.com.br/imovel/893359832?search_rank=%7B%22sortMode%22%3A%22relevance%22%2C%22searchMode%22%3A%22list%22%2C%22resultsOrigin%22%3A%22search%22%2C%22rank%22%3A753%2C%22personalization%22%3Atrue%7D&search_id=%22d29c9fa4f19011eb8c20e2cf81d20c5e%22&from_route=%22search_results%22,Mais em Mooca,R$ 1.350,R$ 350,R$ 61,R$ 18,R$ 27,R$ 1.806,40 m²,1 quarto,1 banheiro,Sem vaga,-,Aceita pet,Sem mobília,Metrô próx.
https://www.quintoandar.com.br/imovel/893344590?house_tags=rentPriceDecreased&search_rank=%7B%22sortMode%22%3A%22relevance%22%2C%22searchMode%22%3A%22list%22%2C%22resultsOrigin%22%3A%22search%22%2C%22rank%22%3A754%2C%22personalization%22%3Atrue%7D&search_id=%22d29c9fa4f19011eb8c20e2cf81d20c5e%22&from_route=%22search_results%22,Mais em Jardim Paulista,R$ 3.200,R$ 1.100,R$ 202,R$ 41,R$ 64,R$ 4.607,100 m²,2 quartos,2 banheiros,1 vaga,2º andar,Aceita pet,Sem mobília,Metrô próx.
https://www.quintoandar.com.br/imovel/893112001?house_tags=rentOnTermination&search_rank=%7B%22sortMode%22%3A%22relevance%22%2C%22searchMode%22%3A%22list%22%2C%22resultsOrigin%22%3A%22search%22%2C%22rank%22%3A755%2C%22personalization%22%3Atrue%7D&search_id=%22d29c9fa4f19011eb8c20e2cf81d20c5e%22&from_route=%22search_results%22,Mais em Consolação,R$ 3.194,R$ 605,R$ 100,R$ 38,R$ 64,R$ 3.937,60 m²,2 quartos,2 banheiros,1 vaga,13º andar,Aceita pet,Sem mobília,Metrô próx.
https://www.quintoandar.com.br/imovel/893369111?search_rank=%7B%22sortMode%22%3A%22relevance%22%2C%22searchMode%22%3A%22list%22%2C%22resultsOrigin%22%3A%22search%22%2C%22rank%22%3A756%2C%22personalization%22%3Atrue%7D&search_id=%22d29c9fa4f19011eb8c20e2cf81d20c5e%22&from_route=%22search_results%22,Mais em Liberdade,R$ 550,R$ 386,R$ 19,R$ 7,R$ 11,R$ 973,30 m²,1 quarto,1 banheiro,Sem vaga,7º andar,Aceita pet,Sem mobília,Metrô próx.
